"Optimize the following Python code for both memory usage and performance. Please use specific techniques or code changes to make it more efficient. Provide just the code as an answer, I don't need any explanation. Here's the code snippet: ```python
def twoSum(nums, target):
    map = {}
    for i, num in enumerate(nums):
        complement = target - num
        if complement in map:
            return [map[complement], i]
        map[num] = i
    return []
```

"
"Optimize the following Python code for both memory usage and performance. Please use specific techniques or code changes to make it more efficient. Provide just the code as an answer, I don't need any explanation. Here's the code snippet: ```python
class ListNode:
    def __init__(self, val=0, next=None):
        self.val = val
        self.next = next

def addTwoNumbers(l1, l2):
    dummy = ListNode(0)
    current = dummy
    carry = 0

    while l1 or l2 or carry:
        sum_val = (l1.val if l1 else 0) + (l2.val if l2 else 0) + carry
        carry = sum_val // 10
        current.next = ListNode(sum_val % 10)
        current = current.next

        if l1: l1 = l1.next
        if l2: l2 = l2.next

    return dummy.next
```

"
"Optimize the following Python code for both memory usage and performance. Please use specific techniques or code changes to make it more efficient. Provide just the code as an answer, I don't need any explanation. Here's the code snippet: ```python
def length_of_longest_substring(s: str) -> int:
    left = 0
    right = 0
    max_length = 0
    characters = set()

    while right < len(s):
        if s[right] not in characters:
            characters.add(s[right])
            max_length = max(max_length, right - left + 1)
            right += 1
        else:
            characters.remove(s[left])
            left += 1

    return max_length
```

"
"Optimize the following Python code for both memory usage and performance. Please use specific techniques or code changes to make it more efficient. Provide just the code as an answer, I don't need any explanation. Here's the code snippet: ```python
def findMedianSortedArrays(nums1, nums2):
    if len(nums1) > len(nums2):
        return findMedianSortedArrays(nums2, nums1)
    
    x, y = len(nums1), len(nums2)
    low, high = 0, x

    while low <= high:
        partition_x = (low + high) // 2
        partition_y = (x + y + 1) // 2 - partition_x

        max_left_x = float('-inf') if partition_x == 0 else nums1[partition_x - 1]
        min_right_x = float('inf') if partition_x == x else nums1[partition_x]

        max_left_y = float('-inf') if partition_y == 0 else nums2[partition_y - 1]
        min_right_y = float('inf') if partition_y == y else nums2[partition_y]

        if max_left_x <= min_right_y and max_left_y <= min_right_x:
            if (x + y) % 2 == 0:
                return (max(max_left_x, max_left_y) + min(min_right_x, min_right_y)) / 2
            else:
                return max(max_left_x, max_left_y)
        elif max_left_x > min_right_y:
            high = partition_x - 1
        else:
            low = partition_x + 1
    
    return 0
```

"
"Optimize the following Python code for both memory usage and performance. Please use specific techniques or code changes to make it more efficient. Provide just the code as an answer, I don't need any explanation. Here's the code snippet: ```python
def longest_palindromic_substring(s: str) -> str:
    n = len(s)
    if n == 0: return """"

    start, max_length = 0, 1

    for i in range(n):
        l, r = i, i

        while r < n - 1 and s[r] == s[r + 1]:
            r += 1
        i = r

        while l > 0 and r < n - 1 and s[l - 1] == s[r + 1]:
            l -= 1
            r += 1

        length = r - l + 1
        if length > max_length:
            start, max_length = l, length

    return s[start:start + max_length]
```

"
"Optimize the following Python code for both memory usage and performance. Please use specific techniques or code changes to make it more efficient. Provide just the code as an answer, I don't need any explanation. Here's the code snippet: ```python
def convert(s: str, numRows: int) -> str:
    if numRows == 1 or numRows >= len(s):
        return s

    rows = [""""] * numRows
    curRow = 0
    goingDown = False

    for c in s:
        rows[curRow] += c
        if curRow == 0 or curRow == numRows - 1:
            goingDown = not goingDown
        curRow += 1 if goingDown else -1

    return """".join(rows)
```

"
"Optimize the following Python code for both memory usage and performance. Please use specific techniques or code changes to make it more efficient. Provide just the code as an answer, I don't need any explanation. Here's the code snippet: ```python
def reverse(x: int) -> int:
    sign = -1 if x < 0 else 1
    x = abs(x)
    res = 0
    while x:
        res = res * 10 + x % 10
        x //= 10
    res *= sign
    return res if -2**31 <= res <= 2**31 - 1 else 0
```

"
"Optimize the following Python code for both memory usage and performance. Please use specific techniques or code changes to make it more efficient. Provide just the code as an answer, I don't need any explanation. Here's the code snippet: ```python
def myAtoi(s):
    result, i, sign = 0, 0, 1
    while i < len(s) and s[i] == ' ': i += 1
    if i < len(s) and (s[i] == '-' or s[i] == '+'):
        sign = -1 if s[i] == '-' else 1
        i += 1
    while i < len(s) and s[i].isdigit():
        result = result * 10 + int(s[i])
        i += 1
        if result * sign > 2**31 - 1: return 2**31 - 1
        if result * sign < -2**31: return -2**31
    return result * sign
```

"
"Optimize the following Python code for both memory usage and performance. Please use specific techniques or code changes to make it more efficient. Provide just the code as an answer, I don't need any explanation. Here's the code snippet: ```python
def is_palindrome(x: int) -> bool:
    if x < 0:
        return False
    original, reversed = x, 0
    while x > 0:
        reversed = reversed * 10 + x % 10
        x //= 10
    return original == reversed
```


"
"Optimize the following Python code for both memory usage and performance. Please use specific techniques or code changes to make it more efficient. Provide just the code as an answer, I don't need any explanation. Here's the code snippet: ```python
def is_match(s: str, p: str) -> bool:
    m, n = len(s), len(p)
    dp = [[False] * (n + 1) for _ in range(m + 1)]
    dp[0][0] = True

    for j in range(1, n + 1):
        if p[j - 1] == '*' and dp[0][j - 2]:
            dp[0][j] = True

    for i in range(1, m + 1):
        for j in range(1, n + 1):
            if p[j - 1] == s[i - 1] or p[j - 1] == '.':
                dp[i][j] = dp[i - 1][j - 1]
            elif p[j - 1] == '*':
                dp[i][j] = dp[i][j - 2] or (dp[i - 1][j] and (s[i - 1] == p[j - 2] or p[j - 2] == '.'))

    return dp[m][n]
```

"
"Optimize the following Python code for both memory usage and performance. Please use specific techniques or code changes to make it more efficient. Provide just the code as an answer, I don't need any explanation. Here's the code snippet: ```python
def max_area(height):
    max_area, left, right = 0, 0, len(height) - 1
    while left < right:
        max_area = max(max_area, min(height[left], height[right]) * (right - left))
        if height[left] < height[right]:
            left += 1
        else:
            right -= 1
    return max_area
```

"
"Optimize the following Python code for both memory usage and performance. Please use specific techniques or code changes to make it more efficient. Provide just the code as an answer, I don't need any explanation. Here's the code snippet: ```python
def int_to_roman(num):
    romans = [
        (1000, ""M""), (900, ""CM""), (500, ""D""),
        (400, ""CD""), (100, ""C""), (90, ""XC""),
        (50, ""L""), (40, ""XL""), (10, ""X""), 
        (9, ""IX""), (5, ""V""), (4, ""IV""), (1, ""I"")
    ]
    roman = """"
    for value, symbol in romans:
        while num >= value:
            roman += symbol
            num -= value
    return roman
```

"
"Optimize the following Python code for both memory usage and performance. Please use specific techniques or code changes to make it more efficient. Provide just the code as an answer, I don't need any explanation. Here's the code snippet: ```python
def roman_to_int(s):
    roman_values = {'I': 1, 'V': 5, 'X': 10, 'L': 50, 'C': 100, 'D': 500, 'M': 1000}
    total = 0
    prev_value = 0
    
    for c in s:
        current_value = roman_values[c]
        if current_value > prev_value:
            total += current_value - 2 * prev_value
        else:
            total += current_value
        prev_value = current_value

    return total
```


"
"Optimize the following Python code for both memory usage and performance. Please use specific techniques or code changes to make it more efficient. Provide just the code as an answer, I don't need any explanation. Here's the code snippet: ```python
def longest_common_prefix(strs):
    if not strs:
        return """"

    for i, c in enumerate(strs[0]):
        for j in range(1, len(strs)):
            if i == len(strs[j]) or strs[j][i] != c:
                return strs[0][:i]
    return strs[0]
```

"
"Optimize the following Python code for both memory usage and performance. Please use specific techniques or code changes to make it more efficient. Provide just the code as an answer, I don't need any explanation. Here's the code snippet: ```python
def threeSum(nums):
    nums.sort()
    result = []

    for i in range(len(nums) - 2):
        if i == 0 or nums[i] != nums[i - 1]:
            j, k = i + 1, len(nums) - 1
            while j < k:
                s = nums[i] + nums[j] + nums[k]
                if s == 0:
                    result.append([nums[i], nums[j], nums[k]])
                    while j < k and nums[j] == nums[j + 1]:
                        j += 1
                    while j < k and nums[k] == nums[k - 1]:
                        k -= 1
                    j += 1
                    k -= 1
                elif s < 0:
                    j += 1
                else:
                    k -= 1

    return result
```

"
"Optimize the following Python code for both memory usage and performance. Please use specific techniques or code changes to make it more efficient. Provide just the code as an answer, I don't need any explanation. Here's the code snippet: ```python
def threeSumClosest(nums, target):
    nums.sort()
    closest = sum(nums[:3])
    for i in range(len(nums) - 2):
        left, right = i + 1, len(nums) - 1
        while left < right:
            cur_sum = nums[i] + nums[left] + nums[right]
            if cur_sum == target:
                return cur_sum
            if abs(target - cur_sum) < abs(target - closest):
                closest = cur_sum
            if cur_sum < target:
                left += 1
            else:
                right -= 1
    return closest
```

"
"Optimize the following Python code for both memory usage and performance. Please use specific techniques or code changes to make it more efficient. Provide just the code as an answer, I don't need any explanation. Here's the code snippet: ```python
def letter_combinations(digits: str):
    if not digits: return []
    phone = [""abc"", ""def"", ""ghi"", ""jkl"", ""mno"", ""pqrs"", ""tuv"", ""wxyz""]
    result = [""""]

    for digit in digits:
        temp = []
        for s in result:
            for c in phone[int(digit) - 2]:
                temp.append(s + c)
        result = temp

    return result
```

"
"Optimize the following Python code for both memory usage and performance. Please use specific techniques or code changes to make it more efficient. Provide just the code as an answer, I don't need any explanation. Here's the code snippet: ```python
def fourSum(nums, target):
    nums.sort()
    result = []
    for i in range(len(nums) - 3):
        if i > 0 and nums[i] == nums[i - 1]:
            continue
        for j in range(i + 1, len(nums) - 2):
            if j > i + 1 and nums[j] == nums[j - 1]:
                continue
            left = j + 1
            right = len(nums) - 1
            while left < right:
                cur_sum = nums[i] + nums[j] + nums[left] + nums[right]
                if cur_sum == target:
                    result.append([nums[i], nums[j], nums[left], nums[right]])
                    left += 1
                    right -= 1
                    while left < right and nums[left] == nums[left - 1]: left += 1
                    while left < right and nums[right] == nums[right + 1]: right -= 1
                elif cur_sum < target:
                    left += 1
                else:
                    right -= 1
    return result
```


"
"Optimize the following Python code for both memory usage and performance. Please use specific techniques or code changes to make it more efficient. Provide just the code as an answer, I don't need any explanation. Here's the code snippet: ```python
class ListNode:
    def __init__(self, val=0, next=None):
        self.val = val
        self.next = next

def removeNthFromEnd(head, n):
    first = head
    second = head
    
    for i in range(n):
        first = first.next
    
    if not first:
        head = head.next
        return head
    
    while first.next:
        first = first.next
        second = second.next
    
    second.next = second.next.next
    
    return head
```

"
"Optimize the following Python code for both memory usage and performance. Please use specific techniques or code changes to make it more efficient. Provide just the code as an answer, I don't need any explanation. Here's the code snippet: ```python
def is_valid(s: str) -> bool:
    stack = []

    for c in s:
        if c in '([{':
            stack.append(c)
        else:
            if not stack:
                return False
            if c == ')' and stack[-1] != '(':
                return False
            if c == '}' and stack[-1] != '{':
                return False
            if c == ']' and stack[-1] != '[':
                return False
            stack.pop()

    return not stack
```

"
"Optimize the following Python code for both memory usage and performance. Please use specific techniques or code changes to make it more efficient. Provide just the code as an answer, I don't need any explanation. Here's the code snippet: ```python
class ListNode:
    def __init__(self, val=0, next=None):
        self.val = val
        self.next = next
         
def merge_two_lists(list1, list2):
    if list1 is None:
        return list2
    if list2 is None:
        return list1

    if list1.val < list2.val:
        list1.next = merge_two_lists(list1.next, list2)
        return list1
    else:
        list2.next = merge_two_lists(list1, list2.next)
        return list2
```

"
"Optimize the following Python code for both memory usage and performance. Please use specific techniques or code changes to make it more efficient. Provide just the code as an answer, I don't need any explanation. Here's the code snippet: ```python
def generate_parenthesis(n):
    def generate_parenthesis_helper(open, close, current):
        if open == 0 and close == 0:
            result.append(current)
            return
        if open > 0:
            generate_parenthesis_helper(open - 1, close + 1, current + '(')
        if close > 0:
            generate_parenthesis_helper(open, close - 1, current + ')')

    result = []
    generate_parenthesis_helper(n, 0, '')
    return result
```


"
"Optimize the following Python code for both memory usage and performance. Please use specific techniques or code changes to make it more efficient. Provide just the code as an answer, I don't need any explanation. Here's the code snippet: ```python
class ListNode:
    def __init__(self, val=0, next=None):
        self.val = val
        self.next = next
        
class Solution:
    def mergeKLists(self, lists):
        if not lists: return None
        while len(lists) > 1:
            lists.append(self.merge2Lists(lists.pop(0), lists.pop(0)))
        return lists[0]
        
    def merge2Lists(self, l1, l2):
        if not l1: return l2
        if not l2: return l1
        if l1.val <= l2.val:
            l1.next = self.merge2Lists(l1.next, l2)
            return l1
        else:
            l2.next = self.merge2Lists(l1, l2.next)
            return l2
```


"
"Optimize the following Python code for both memory usage and performance. Please use specific techniques or code changes to make it more efficient. Provide just the code as an answer, I don't need any explanation. Here's the code snippet: ```python
def swapPairs(head: Optional[ListNode]) -> Optional[ListNode]:
    if not head or not head.next:
        return head

    second = head.next
    head.next = swapPairs(second.next)
    second.next = head

    return second
```

"
"Optimize the following Python code for both memory usage and performance. Please use specific techniques or code changes to make it more efficient. Provide just the code as an answer, I don't need any explanation. Here's the code snippet: ```python
class ListNode:
    def __init__(self, val=0, next=None):
        self.val = val
        self.next = next

def reverseKGroup(head, k):
    if not head or k == 1:
        return head
        
    cur = head
    length = 0
    while cur:
        length += 1
        cur = cur.next
        
    dummy = ListNode(0)
    dummy.next = head
    prev = dummy
    cur = head
    
    while length >= k:
        for _ in range(1, k):
            temp = cur.next
            cur.next = temp.next
            temp.next = prev.next
            prev.next = temp
            
        prev = cur
        cur = cur.next
        length -= k
        
    return dummy.next
```


"
"Optimize the following Python code for both memory usage and performance. Please use specific techniques or code changes to make it more efficient. Provide just the code as an answer, I don't need any explanation. Here's the code snippet: ```python
def removeDuplicates(nums):
    if not nums: return 0
    i = 0
    for j in range(1, len(nums)):
        if nums[j] != nums[i]:
            i += 1
            nums[i] = nums[j]
    return i + 1
```


"
"Optimize the following Python code for both memory usage and performance. Please use specific techniques or code changes to make it more efficient. Provide just the code as an answer, I don't need any explanation. Here's the code snippet: ```python
def removeElement(nums, val):
    i = 0
    for j in range(len(nums)):
        if nums[j] != val:
            nums[i] = nums[j]
            i += 1
    return i
```

"
"Optimize the following Python code for both memory usage and performance. Please use specific techniques or code changes to make it more efficient. Provide just the code as an answer, I don't need any explanation. Here's the code snippet: ```python
def strStr(haystack: str, needle: str) -> int:
    if not needle:
        return 0
    try:
        index = haystack.index(needle)
        return index
    except ValueError:
        return -1
```

"
"Optimize the following Python code for both memory usage and performance. Please use specific techniques or code changes to make it more efficient. Provide just the code as an answer, I don't need any explanation. Here's the code snippet: ```python
def divide(dividend: int, divisor: int) -> int:
    if dividend == -(2**31) and divisor == -1:
        return 2**31 - 1

    sign = -1 if (dividend > 0) ^ (divisor > 0) else 1

    dvd = abs(dividend)
    dvs = abs(divisor)
    ans = 0

    while dvd >= dvs:
        temp = dvs
        multiple = 1
        while dvd >= (temp << 1):
            temp <<= 1
            multiple <<= 1
        dvd -= temp
        ans += multiple

    return ans * sign
```

"
"Optimize the following Python code for both memory usage and performance. Please use specific techniques or code changes to make it more efficient. Provide just the code as an answer, I don't need any explanation. Here's the code snippet: ```python
from collections import Counter

def findSubstring(s, words):
    if not s or not words:
        return []

    word_count = Counter(words)
    word_length = len(words[0])
    total_words = len(words)
    total_length = word_length * total_words
    result = []

    for i in range(len(s) - total_length + 1):
        temp_word_count = Counter()
        for j in range(total_words):
            current_word = s[i + j * word_length:i + (j + 1) * word_length]
            if current_word not in word_count:
                break
            temp_word_count[current_word] += 1
            if temp_word_count[current_word] > word_count[current_word]:
                break
            if j + 1 == total_words:
                result.append(i)

    return result
```

"
"Optimize the following Python code for both memory usage and performance. Please use specific techniques or code changes to make it more efficient. Provide just the code as an answer, I don't need any explanation. Here's the code snippet: ```python
def nextPermutation(nums):
    n, k = len(nums), -1
    for i in range(n - 1, 0, -1):
        if nums[i - 1] < nums[i]:
            k = i - 1
            break
    if k == -1:
        nums.reverse()
    else:
        l = 0
        for i in range(n - 1, k, -1):
            if nums[i] > nums[k]:
                l = i
                break
        nums[k], nums[l] = nums[l], nums[k]
        nums[k + 1:] = reversed(nums[k + 1:])
```

"
"Optimize the following Python code for both memory usage and performance. Please use specific techniques or code changes to make it more efficient. Provide just the code as an answer, I don't need any explanation. Here's the code snippet: ```python
def longest_valid_parentheses(s: str) -> int:
    n = len(s)
    result = 0
    st = []

    for i in range(n):
        if s[i] == '(':
            st.append(i)
        else:
            if st and s[st[-1]] == '(':
                st.pop()
            else:
                st.append(i)

    if not st:
        result = n
    else:
        right, left = n, 0
        while st:
            left = st.pop()
            result = max(result, right - left - 1)
            right = left
        result = max(result, right)

    return result
```

"
"Optimize the following Python code for both memory usage and performance. Please use specific techniques or code changes to make it more efficient. Provide just the code as an answer, I don't need any explanation. Here's the code snippet: ```python
def search(nums, target):
    left, right = 0, len(nums) - 1
    while left <= right:
        mid = left + (right - left) // 2
        if nums[mid] == target:
            return mid
        if nums[mid] >= nums[left]:
            if target >= nums[left] and target < nums[mid]:
                right = mid - 1
            else:
                left = mid + 1
        else:
            if target > nums[mid] and target <= nums[right]:
                left = mid + 1
            else:
                right = mid - 1
    return -1
```

"
"Optimize the following Python code for both memory usage and performance. Please use specific techniques or code changes to make it more efficient. Provide just the code as an answer, I don't need any explanation. Here's the code snippet: ```python
def searchRange(nums, target):
    start, end = -1, -1
    left, right = 0, len(nums) - 1
    
    while left <= right:
        mid = left + (right - left) // 2
        if nums[mid] < target:
            left = mid + 1
        else:
            right = mid - 1
            if nums[mid] == target:
                start = mid

    left, right = 0, len(nums) - 1
    
    while left <= right:
        mid = left + (right - left) // 2
        if nums[mid] > target:right = mid - 1
        else:
            left = mid + 1
            if nums[mid] == target:
                end = mid
    
    return [start, end]
```

"
"Optimize the following Python code for both memory usage and performance. Please use specific techniques or code changes to make it more efficient. Provide just the code as an answer, I don't need any explanation. Here's the code snippet: ```python
def searchInsert(nums, target):
    left, right = 0, len(nums) - 1
    while left <= right:
        mid = left + (right - left) // 2
        if nums[mid] == target:
            return mid
        if nums[mid] < target:
            left = mid + 1
        else:
            right = mid - 1
    return left
```

"
"Optimize the following Python code for both memory usage and performance. Please use specific techniques or code changes to make it more efficient. Provide just the code as an answer, I don't need any explanation. Here's the code snippet: ```python
def isValidSudoku(board):
    seen = set()

    for i in range(9):
        for j in range(9):
            current_val = board[i][j]
            
            if current_val != '.':
                row = f""{current_val} in row {i}""
                col = f""{current_val} in col {j}""
                box = f""{current_val} in box {i // 3}-{j // 3}""
                
                if row in seen or col in seen or box in seen:
                    return False

                seen.add(row)
                seen.add(col)
                seen.add(box)

    return True
```


"
"Optimize the following Python code for both memory usage and performance. Please use specific techniques or code changes to make it more efficient. Provide just the code as an answer, I don't need any explanation. Here's the code snippet: ```python
def isValid(board, row, col, c):
    for i in range(9):
        if board[i][col] == c:
            return False
        if board[row][i] == c:
            return False
        if board[3 * (row // 3) + i // 3][3 * (col // 3) + i % 3] == c:
            return False
    return True

def solveSudokuHelper(board):
    for i in range(9):
        for j in range(9):
            if board[i][j] == '.':
                for c in '123456789':
                    if isValid(board, i, j, c):
                        board[i][j] = c

                        if solveSudokuHelper(board):
                            return True

                        board[i][j] = '.'
                return False

    return True

def solveSudoku(board):
    solveSudokuHelper(board)
```

"
"Optimize the following Python code for both memory usage and performance. Please use specific techniques or code changes to make it more efficient. Provide just the code as an answer, I don't need any explanation. Here's the code snippet: ```python
def count_and_say(n):
    if n == 1:
        return ""1""
    previous = count_and_say(n - 1)
    result = []
    count = 1
    for i in range(1, len(previous)):
        if previous[i] == previous[i - 1]:
            count += 1
        else:
            result.append(str(count))
            result.append(previous[i - 1])
            count = 1
    result.append(str(count))
    result.append(previous[-1])
    return """".join(result)
```

"
"Optimize the following Python code for both memory usage and performance. Please use specific techniques or code changes to make it more efficient. Provide just the code as an answer, I don't need any explanation. Here's the code snippet: ```python
def combinationSum(candidates, target):
    def findCombinations(startIndex, remaining):
        if remaining == 0:
            return [[]]
        if startIndex == len(candidates) or remaining < 0:
            return []

        result = []
        result.extend(findCombinations(startIndex + 1, remaining))
        result.extend([x + [candidates[startIndex]] for x in findCombinations(startIndex, remaining - candidates[startIndex])])
        
        return result

    return findCombinations(0, target)
```


"
"Optimize the following Python code for both memory usage and performance. Please use specific techniques or code changes to make it more efficient. Provide just the code as an answer, I don't need any explanation. Here's the code snippet: ```python
def combinationSum2(candidates, target):
    def combine(candidates, target, start, path, res):
        if target == 0:
            res.append(path)
            return
        for i in range(start, len(candidates)):
            if i > start and candidates[i] == candidates[i - 1]:
                continue
            if candidates[i] > target:
                break
            combine(candidates, target - candidates[i], i+1, path + [candidates[i]], res)

    candidates.sort()
    res = []
    combine(candidates, target, 0, [], res)
    return res
```


"
"Optimize the following Python code for both memory usage and performance. Please use specific techniques or code changes to make it more efficient. Provide just the code as an answer, I don't need any explanation. Here's the code snippet: ```python
def firstMissingPositive(nums):
    n = len(nums)
    for i in range(n):
        while 1 <= nums[i] <= n and nums[nums[i] - 1] != nums[i]:
            nums[nums[i] - 1], nums[i] = nums[i], nums[nums[i] - 1]

    for i in range(n):
        if nums[i] != i + 1:
            return i + 1
    return n + 1
```

"
"Optimize the following Python code for both memory usage and performance. Please use specific techniques or code changes to make it more efficient. Provide just the code as an answer, I don't need any explanation. Here's the code snippet: ```python
def trap(height):
    n = len(height)
    left, right, max_left, max_right, water = 0, n - 1, 0, 0, 0

    while left < right:
        if height[left] <= height[right]:
            max_left = max(max_left, height[left])
            water += max_left - height[left]
            left += 1
        else:
            max_right = max(max_right, height[right])
            water += max_right - height[right]
            right -= 1

    return water
```

"
"Optimize the following Python code for both memory usage and performance. Please use specific techniques or code changes to make it more efficient. Provide just the code as an answer, I don't need any explanation. Here's the code snippet: ```python
def multiply(num1, num2):
    m, n = len(num1), len(num2)
    pos = [0] * (m + n)
    
    for i in range(m-1, -1, -1):
        for j in range(n-1, -1, -1):
            mult = (ord(num1[i]) - ord('0')) * (ord(num2[j]) - ord('0'))
            p1, p2 = i + j, i + j + 1
            total_pos = mult + pos[p2]
            pos[p1] += total_pos // 10
            pos[p2] = total_pos % 10
            
    res = ''.join(str(p) for p in pos if not (len(res) == 0 and p == 0))            
    return '0' if len(res) == 0 else res
```

"
"Optimize the following Python code for both memory usage and performance. Please use specific techniques or code changes to make it more efficient. Provide just the code as an answer, I don't need any explanation. Here's the code snippet: ```python
def is_match(s: str, p: str) -> bool:
    m, n = len(s), len(p)
    i = j = 0
    match = asterisk = -1
    while i < m:
        if j < n and (s[i] == p[j] or p[j] == '?'):
            i, j = i + 1, j + 1
        elif j < n and p[j] == '*':
            match, asterisk = i, j
            j += 1
        elif asterisk >= 0:
            i, j = match + 1, asterisk + 1
            match += 1
        else:
            return False
    while j < n and p[j] == '*':
        j += 1
    return j == n
```

"
"Optimize the following Python code for both memory usage and performance. Please use specific techniques or code changes to make it more efficient. Provide just the code as an answer, I don't need any explanation. Here's the code snippet: ```python
def jump(nums):
    jumps = 0
    current_end = 0
    current_farthest = 0

    for i in range(len(nums) - 1):
        current_farthest = max(current_farthest, i + nums[i])
        if i == current_end:
            jumps += 1
            current_end = current_farthest

    return jumps
```

"
"Optimize the following Python code for both memory usage and performance. Please use specific techniques or code changes to make it more efficient. Provide just the code as an answer, I don't need any explanation. Here's the code snippet: ```python
from typing import List

def permute(nums: List[int]) -> List[List[int]]:
    def helper(index):
        if index == len(nums) - 1:
            results.append(nums[:])
            return

        for i in range(index, len(nums)):
            nums[index], nums[i] = nums[i], nums[index]
            helper(index + 1)
            nums[index], nums[i] = nums[i], nums[index]

    results = []
    helper(0)
    return results
```

"
"Optimize the following Python code for both memory usage and performance. Please use specific techniques or code changes to make it more efficient. Provide just the code as an answer, I don't need any explanation. Here's the code snippet: ```python
from typing import List

def permuteUnique(nums: List[int]) -> List[List[int]]:
    def backtrack(start):
        if start == len(nums):
            result.append(nums[:])
        for i in range(start, len(nums)):
            if i > start and nums[i] == nums[start]:
                continue
            nums[start], nums[i] = nums[i], nums[start]
            backtrack(start + 1)
            nums[start], nums[i] = nums[i], nums[start]

    nums.sort()
    result = []
    backtrack(0)
    return result
```


"
"Optimize the following Python code for both memory usage and performance. Please use specific techniques or code changes to make it more efficient. Provide just the code as an answer, I don't need any explanation. Here's the code snippet: ```python
def rotate(matrix):
    n = len(matrix)
    for i in range(n // 2):
        for j in range(i, n - i - 1):
            temp = matrix[i][j]
            matrix[i][j] = matrix[n - j - 1][i]
            matrix[n - j - 1][i] = matrix[n - i - 1][n - j - 1]
            matrix[n - i - 1][n - j - 1] = matrix[j][n - i - 1]
            matrix[j][n - i - 1] = temp
```

"
"Optimize the following Python code for both memory usage and performance. Please use specific techniques or code changes to make it more efficient. Provide just the code as an answer, I don't need any explanation. Here's the code snippet: ```python
from collections import defaultdict

def group_anagrams(strs):
    anagram_map = defaultdict(list)

    for s in strs:
        key = ''.join(sorted(s))
        anagram_map[key].append(s)

    return list(anagram_map.values())
```

"
"Optimize the following Python code for both memory usage and performance. Please use specific techniques or code changes to make it more efficient. Provide just the code as an answer, I don't need any explanation. Here's the code snippet: ```python
def myPow(x: float, n: int) -> float:
    if n == 0:
        return 1
    if n < 0:
        x = 1 / x
        n = -n
    result = 1
    currentProduct = x
    i = n
    while i:
        if i % 2 == 1:
            result *= currentProduct
        currentProduct *= currentProduct
        i //= 2
    return result
```

"
"Optimize the following Python code for both memory usage and performance. Please use specific techniques or code changes to make it more efficient. Provide just the code as an answer, I don't need any explanation. Here's the code snippet: ```python
def solveNQueens(n):
    def isSafe(board, row, col):
        for i in range(col):
            if board[row][i] == 'Q': return False
        i, j = row, col
        while i >= 0 and j >= 0:
            if board[i][j] == 'Q': return False
            i, j = i - 1, j - 1
        i, j = row, col
        while i < n and j >= 0:
            if board[i][j] == 'Q': return False
            i, j = i + 1, j - 1
        return True

    def solve(result, board, n, col):
        if col == n:
            result.append(board.copy())
            return
        for row in range(n):
            if isSafe(board, row, col):
                board[row] = board[row][:col] + 'Q' + board[row][col + 1:]
                solve(result, board, n, col + 1)
                board[row] = board[row][:col] + '.' + board[row][col + 1:]

    result, board = [], ['.' * n for _ in range(n)]
    solve(result, board, n, 0)
    return result
```

"
"Optimize the following Python code for both memory usage and performance. Please use specific techniques or code changes to make it more efficient. Provide just the code as an answer, I don't need any explanation. Here's the code snippet: ```python
def is_safe(cols, row):
    col = len(cols)
    for i, r in enumerate(cols):
        if r == row or abs(i - col) == abs(r - row):
            return False
    return True


def backtrack(n, cols):
    if len(cols) == n:
        return 1

    count = 0
    for i in range(n):
        if is_safe(cols, i):
            cols.append(i)
            count += backtrack(n, cols)
            cols.pop()

    return count


def total_n_queens(n):
    cols = []
    return backtrack(n, cols)
```

"
"Optimize the following Python code for both memory usage and performance. Please use specific techniques or code changes to make it more efficient. Provide just the code as an answer, I don't need any explanation. Here's the code snippet: ```python
def maxSubArray(nums):
    max_sum = current_sum = nums[0]

    for num in nums[1:]:
        current_sum = max(current_sum + num, num)
        max_sum = max(max_sum, current_sum)

    return max_sum
```

"
"Optimize the following Python code for both memory usage and performance. Please use specific techniques or code changes to make it more efficient. Provide just the code as an answer, I don't need any explanation. Here's the code snippet: ```python
def spiralOrder(matrix):
    result = []
    if not matrix: return result
    m, n = len(matrix), len(matrix[0])
    rowStart, colStart, rowEnd, colEnd = 0, 0, m - 1, n - 1

    while rowStart <= rowEnd and colStart <= colEnd:
        for i in range(colStart, colEnd + 1): 
            result.append(matrix[rowStart][i])
        rowStart += 1
        
        for i in range(rowStart, rowEnd + 1): 
            result.append(matrix[i][colEnd]) 
        colEnd -= 1
        
        if rowStart <= rowEnd:
            for i in range(colEnd, colStart - 1, -1): 
                result.append(matrix[rowEnd][i]) 
        rowEnd -= 1
        
        if colStart <= colEnd:
            for i in range(rowEnd, rowStart - 1, -1): 
                result.append(matrix[i][colStart]) 
        colStart += 1
        
    return result
```

"
"Optimize the following Python code for both memory usage and performance. Please use specific techniques or code changes to make it more efficient. Provide just the code as an answer, I don't need any explanation. Here's the code snippet: ```python
def canJump(nums):
    max_reach = 0
    for i, num in enumerate(nums):
        if i > max_reach:
            return False
        max_reach = max(max_reach, i + num)
    return True
```

"
"Optimize the following Python code for both memory usage and performance. Please use specific techniques or code changes to make it more efficient. Provide just the code as an answer, I don't need any explanation. Here's the code snippet: ```python
def merge(intervals):
    if not intervals:
        return []

    intervals.sort()
    result = [intervals[0]]

    for i in range(1, len(intervals)):
        if result[-1][1] >= intervals[i][0]:
            result[-1][1] = max(result[-1][1], intervals[i][1])
        else:
            result.append(intervals[i])

    return result
```

"
"Optimize the following Python code for both memory usage and performance. Please use specific techniques or code changes to make it more efficient. Provide just the code as an answer, I don't need any explanation. Here's the code snippet: ```python
from typing import List

def insert(intervals: List[List[int]], newInterval: List[int]) -> List[List[int]]:
    result = []
    start_pos = 0

    while start_pos < len(intervals) and intervals[start_pos][1] < newInterval[0]:
        result.append(intervals[start_pos])
        start_pos += 1

    while start_pos < len(intervals) and intervals[start_pos][0] <= newInterval[1]:
        newInterval[0] = min(newInterval[0], intervals[start_pos][0])
        newInterval[1] = max(newInterval[1], intervals[start_pos][1])
        start_pos += 1

    result.append(newInterval)

    while start_pos < len(intervals):
        result.append(intervals[start_pos])
        start_pos += 1

    return result
```

"
"Optimize the following Python code for both memory usage and performance. Please use specific techniques or code changes to make it more efficient. Provide just the code as an answer, I don't need any explanation. Here's the code snippet: ```python
def length_of_last_word(s: str) -> int:
    length = 0
    tail = len(s) - 1
    while tail >= 0 and s[tail] == ' ':
        tail -= 1
    while tail >= 0 and s[tail] != ' ':
        length += 1
        tail -= 1
    return length
```

"
"Optimize the following Python code for both memory usage and performance. Please use specific techniques or code changes to make it more efficient. Provide just the code as an answer, I don't need any explanation. Here's the code snippet: ```python
def generateMatrix(n: int) -> List[List[int]]:
    matrix = [[0] * n for _ in range(n)]
    value, top, bottom, left, right = 1, 0, n - 1, 0, n - 1

    while value <= n * n:
        for i in range(left, right + 1):
            matrix[top][i] = value
            value += 1

        for i in range(top + 1, bottom + 1):
            matrix[i][right] = value
            value += 1

        if top < bottom and left < right:
            for i in range(right - 1, left - 1, -1):
                matrix[bottom][i] = value
                value += 1

            for i in range(bottom - 1, top, -1):
                matrix[i][left] = value
                value += 1

        top, bottom, left, right = top + 1, bottom - 1, left + 1, right - 1

    return matrix
```

"
"Optimize the following Python code for both memory usage and performance. Please use specific techniques or code changes to make it more efficient. Provide just the code as an answer, I don't need any explanation. Here's the code snippet: ```python
def getPermutation(n, k):
    factorials = [1]
    nums = list(range(1, n + 1))
    result = []

    for i in range(1, n):
        factorials.append(factorials[-1] * i)

    k -= 1

    for i in range(n, 0, -1):
        index = k // factorials[i - 1]
        k %= factorials[i - 1]
        result.append(str(nums.pop(index)))

    return ''.join(result)
```

"
"Optimize the following Python code for both memory usage and performance. Please use specific techniques or code changes to make it more efficient. Provide just the code as an answer, I don't need any explanation. Here's the code snippet: ```python
class ListNode:
    def __init__(self, val=0, next=None):
        self.val = val
        self.next = next

def rotateRight(head, k):
    if not head or not head.next or k == 0:
        return head

    current = head
    length = 1
    while current.next:
        length += 1
        current = current.next
    current.next = head
    k = length - k % length

    while k:
        k -= 1
        current = current.next
    head = current.next
    current.next = None

    return head
```

"
"Optimize the following Python code for both memory usage and performance. Please use specific techniques or code changes to make it more efficient. Provide just the code as an answer, I don't need any explanation. Here's the code snippet: ```python
def uniquePaths(m, n):
    dp = [[1] * n for _ in range(m)]
    for i in range(1, m):
        for j in range(1, n):
            dp[i][j] = dp[i - 1][j] + dp[i][j - 1]
    return dp[m - 1][n - 1]
```

"
"Optimize the following Python code for both memory usage and performance. Please use specific techniques or code changes to make it more efficient. Provide just the code as an answer, I don't need any explanation. Here's the code snippet: ```python
def uniquePathsWithObstacles(grid):
    m, n = len(grid), len(grid[0])
    if grid[0][0] == 1:
        return 0

    grid[0][0] = 1
    for i in range(1, m):
        grid[i][0] = 1 if grid[i][0] == 0 and grid[i - 1][0] == 1 else 0
    for i in range(1, n):
        grid[0][i] = 1 if grid[0][i] == 0 and grid[0][i - 1] == 1 else 0

    for i in range(1, m):
        for j in range(1, n):
            if grid[i][j] == 0:
                grid[i][j] = grid[i - 1][j] + grid[i][j - 1]
            else:
                grid[i][j] = 0

    return grid[m - 1][n - 1]
```

"
"Optimize the following Python code for both memory usage and performance. Please use specific techniques or code changes to make it more efficient. Provide just the code as an answer, I don't need any explanation. Here's the code snippet: ```python
def minPathSum(grid):
    m, n = len(grid), len(grid[0])

    for i in range(1, m):
        grid[i][0] += grid[i - 1][0]

    for i in range(1, n):
        grid[0][i] += grid[0][i - 1]

    for i in range(1, m):
        for j in range(1, n):
            grid[i][j] += min(grid[i - 1][j], grid[i][j - 1])

    return grid[m - 1][n - 1]
```

"
"Optimize the following Python code for both memory usage and performance. Please use specific techniques or code changes to make it more efficient. Provide just the code as an answer, I don't need any explanation. Here's the code snippet: ```python
import re

def is_number(s: str) -> bool:
    pattern = re.compile(r'^[-+]?(([0-9]+(\.[0-9]*)?)|(\.[0-9]+))(e[-+]?[0-9]+)?$')
    return bool(pattern.match(s))
```


"
"Optimize the following Python code for both memory usage and performance. Please use specific techniques or code changes to make it more efficient. Provide just the code as an answer, I don't need any explanation. Here's the code snippet: ```python
def plusOne(digits: List[int]) -> List[int]:
    n = len(digits)

    for i in range(n - 1, -1, -1):
        if digits[i] < 9:
            digits[i] += 1
            return digits
        digits[i] = 0

    digits.insert(0, 1)
    return digits
```


"
"Optimize the following Python code for both memory usage and performance. Please use specific techniques or code changes to make it more efficient. Provide just the code as an answer, I don't need any explanation. Here's the code snippet: ```python
def addBinary(a: str, b: str) -> str:
    result, carry, i, j = """", 0, len(a) - 1, len(b) - 1
    while i >= 0 or j >= 0 or carry:
        if i >= 0:
            carry += int(a[i])
            i -= 1
        if j >= 0:
            carry += int(b[j])
            j -= 1
        result = str(carry % 2) + result
        carry //= 2
    return result
```

"
"Optimize the following Python code for both memory usage and performance. Please use specific techniques or code changes to make it more efficient. Provide just the code as an answer, I don't need any explanation. Here's the code snippet: ```python
def fullJustify(words, maxWidth):
    result = []
    idx = 0
    while idx < len(words):
        total_chars = len(words[idx])
        last = idx + 1
        while last < len(words):
            if total_chars + 1 + len(words[last]) > maxWidth:
                break
            total_chars += 1 + len(words[last])
            last += 1
        gaps = last - idx - 1
        line = []
        if last == len(words) or gaps == 0:
            for i in range(idx, last):
                line.append(words[i])
                if i < last - 1:
                    line.append("" "")
            while sum(len(w) for w in line) < maxWidth:
                line.append("" "")
        else:
            even_spaces = (maxWidth - total_chars) // gaps
            extra_spaces = (maxWidth - total_chars) % gaps
            for i in range(idx, last):
                line.append(words[i])
                if i < last - 1:
                    line.append("" "" * (even_spaces + (1 if i - idx < extra_spaces else 0)))
        idx = last
        result.append("""".join(line))
    return result
```

"
"Optimize the following Python code for both memory usage and performance. Please use specific techniques or code changes to make it more efficient. Provide just the code as an answer, I don't need any explanation. Here's the code snippet: ```python
def mySqrt(x):
    if x == 0 or x == 1:
        return x
    start, end, ans = 1, x, 0
    while start <= end:
        mid = (start + end) // 2
        if mid * mid == x:
            return mid
        if mid * mid < x:
            start = mid + 1
            ans = mid
        else:
            end = mid - 1
    return ans
```

"
"Optimize the following Python code for both memory usage and performance. Please use specific techniques or code changes to make it more efficient. Provide just the code as an answer, I don't need any explanation. Here's the code snippet: ```python
def climbStairs(n):
    if n <= 2:
        return n
    a, b = 1, 2
    for _ in range(3, n+1):
        a, b = b, a + b
    return b
```


"
"Optimize the following Python code for both memory usage and performance. Please use specific techniques or code changes to make it more efficient. Provide just the code as an answer, I don't need any explanation. Here's the code snippet: ```python
def simplifyPath(path: str) -> str:
    stack = []
    parts = path.split(""/"")

    for part in parts:
        if not part or part == ""."":
            continue
        if part == "".."":
            if stack:
                stack.pop()
        else:
            stack.append(part)

    return ""/"" + ""/"".join(stack)
```

"
"Optimize the following Python code for both memory usage and performance. Please use specific techniques or code changes to make it more efficient. Provide just the code as an answer, I don't need any explanation. Here's the code snippet: ```python
def minDistance(word1: str, word2: str) -> int:
    m, n = len(word1), len(word2)
    dp = [[0] * (n + 1) for _ in range(m + 1)]
    
    for i in range(m + 1):
        for j in range(n + 1):
            if i == 0:
                dp[i][j] = j
            elif j == 0:
                dp[i][j] = i
            elif word1[i - 1] == word2[j - 1]:
                dp[i][j] = dp[i - 1][j - 1]
            else:
                dp[i][j] = min(dp[i - 1][j], dp[i][j - 1], dp[i - 1][j - 1]) + 1
    
    return dp[m][n]
```

"
"Optimize the following Python code for both memory usage and performance. Please use specific techniques or code changes to make it more efficient. Provide just the code as an answer, I don't need any explanation. Here's the code snippet: ```python
def setZeroes(matrix):
    rows = len(matrix)
    cols = len(matrix[0])
    firstRow, firstCol = False, False

    for i in range(rows):
        for j in range(cols):
            if matrix[i][j] == 0:
                if i == 0: firstRow = True
                if j == 0: firstCol = True
                matrix[i][0] = 0
                matrix[0][j] = 0

    for i in range(1, rows):
        for j in range(1, cols):
            if matrix[i][0] == 0 or matrix[0][j] == 0:
                matrix[i][j] = 0

    if firstRow:
        for j in range(cols):
            matrix[0][j] = 0

    if firstCol:
        for i in range(rows):
            matrix[i][0] = 0
```

"
"Optimize the following Python code for both memory usage and performance. Please use specific techniques or code changes to make it more efficient. Provide just the code as an answer, I don't need any explanation. Here's the code snippet: ```python
def searchMatrix(matrix, target):
    m, n = len(matrix), len(matrix[0])
    l, r = 0, m * n - 1

    while l <= r:
        mid = l + (r - l) // 2
        mid_val = matrix[mid // n][mid % n]

        if mid_val == target:
            return True
        elif mid_val < target:
            l = mid + 1
        else:
            r = mid - 1

    return False
```

"
"Optimize the following Python code for both memory usage and performance. Please use specific techniques or code changes to make it more efficient. Provide just the code as an answer, I don't need any explanation. Here's the code snippet: ```python
def sortColors(nums: List[int]) -> None:
    red, white, blue = 0, 0, len(nums) - 1
    while white <= blue:
        if nums[white] == 0:
            nums[red], nums[white] = nums[white], nums[red]
            red += 1
            white += 1
        elif nums[white] == 1:
            white += 1
        else:
            nums[white], nums[blue] = nums[blue], nums[white]
            blue -= 1
```

"
"Optimize the following Python code for both memory usage and performance. Please use specific techniques or code changes to make it more efficient. Provide just the code as an answer, I don't need any explanation. Here's the code snippet: ```python
from collections import Counter

def min_window(s, t):
    need = Counter(t)
    window = {}
    
    left = 0
    right = 0
    valid = 0
    start = 0
    length = float('inf')

    while right < len(s):
        c = s[right]
        right += 1
        if c in need:
            window[c] = window.get(c, 0) + 1
            if window[c] <= need[c]:
                valid += 1

        while valid == len(t):
            if right - left < length:
                start = left
                length = right - left

            d = s[left]
            left += 1
            if d in need:
                if window[d] <= need[d]:
                    valid -= 1
                window[d] -= 1

    return """" if length == float('inf') else s[start : start + length]
```


"
"Optimize the following Python code for both memory usage and performance. Please use specific techniques or code changes to make it more efficient. Provide just the code as an answer, I don't need any explanation. Here's the code snippet: ```python
from typing import List

def combine(n: int, k: int) -> List[List[int]]:
    def backtrack(start, current_combination):
        if len(current_combination) == k:
            result.append(current_combination[:])

        for i in range(start, n + 1):
            current_combination.append(i)
            backtrack(i + 1, current_combination)
            current_combination.pop()

    result = []
    backtrack(1, [])
    return result
```

"
"Optimize the following Python code for both memory usage and performance. Please use specific techniques or code changes to make it more efficient. Provide just the code as an answer, I don't need any explanation. Here's the code snippet: ```python
def subsets(nums):
    n = len(nums)
    num_subsets = 1 << n
    result = []

    for i in range(num_subsets):
        subset = []
        for j in range(n):
            if i & (1 << j):
                subset.append(nums[j])
        result.append(subset)
    return result
```

"
"Optimize the following Python code for both memory usage and performance. Please use specific techniques or code changes to make it more efficient. Provide just the code as an answer, I don't need any explanation. Here's the code snippet: ```python
def exist(board, word):
    m, n = len(board), len(board[0])

    def dfs(i, j, k):
        if not 0 <= i < m or not 0 <= j < n or board[i][j] != word[k]:
            return False
        if k == len(word) - 1:
            return True

        tmp, board[i][j] = board[i][j], '/'
        res = dfs(i + 1, j, k + 1) or dfs(i - 1, j, k + 1) or dfs(i, j + 1, k + 1) or dfs(i, j - 1, k + 1)
        board[i][j] = tmp
        return res

    for i in range(m):
        for j in range(n):
            if dfs(i, j, 0):
                return True
    return False
```


"
"Optimize the following Python code for both memory usage and performance. Please use specific techniques or code changes to make it more efficient. Provide just the code as an answer, I don't need any explanation. Here's the code snippet: ```python
def remove_duplicates(nums):
    i = 0
    for num in nums:
        if i < 2 or num > nums[i - 2]:
            nums[i] = num
            i += 1
    return i
```

"
"Optimize the following Python code for both memory usage and performance. Please use specific techniques or code changes to make it more efficient. Provide just the code as an answer, I don't need any explanation. Here's the code snippet: ```python
def search(nums, target):
    left, right = 0, len(nums) - 1
    while left <= right:
        mid = left + (right - left) // 2
        if nums[mid] == target:
            return True

        if nums[mid] == nums[left]:
            left += 1
        elif nums[mid] > nums[left]:
            if nums[left] <= target < nums[mid]:
                right = mid - 1
            else:
                left = mid + 1
        else:
            if nums[mid] < target <= nums[right]:
                left = mid + 1
            else:
                right = mid - 1
    return False
```

"
"Optimize the following Python code for both memory usage and performance. Please use specific techniques or code changes to make it more efficient. Provide just the code as an answer, I don't need any explanation. Here's the code snippet: ```python
class ListNode:
    def __init__(self, x):
        self.val = x
        self.next = None

def deleteDuplicates(head):
    dummy = ListNode(0)
    dummy.next = head
    prev, curr = dummy, head
    while curr:
        while curr.next and curr.val == curr.next.val:
            curr = curr.next
        if prev.next == curr:
            prev = prev.next
        else:
            prev.next = curr.next
        curr = curr.next
    return dummy.next
```

"
"Optimize the following Python code for both memory usage and performance. Please use specific techniques or code changes to make it more efficient. Provide just the code as an answer, I don't need any explanation. Here's the code snippet: ```python
class ListNode:
    def __init__(self, val=0, next=None):
        self.val = val
        self.next = next

def delete_duplicates(head):
    current = head
    while current and current.next:
        if current.next.val == current.val:
            current.next = current.next.next
        else:
            current = current.next
    return head
```

"
"Optimize the following Python code for both memory usage and performance. Please use specific techniques or code changes to make it more efficient. Provide just the code as an answer, I don't need any explanation. Here's the code snippet: ```python
def largestRectangleArea(heights):
    stack = []
    max_area = 0
    for i, h in enumerate(heights + [0]):
        while stack and heights[stack[-1]] > h:
            height = heights[stack.pop()]
            width = i if not stack else i - stack[-1] - 1
            max_area = max(max_area, height * width)
        stack.append(i)
    return max_area
```

"
"Optimize the following Python code for both memory usage and performance. Please use specific techniques or code changes to make it more efficient. Provide just the code as an answer, I don't need any explanation. Here's the code snippet: ```python
def maximalRectangle(matrix):
    if not matrix:
        return 0

    m = len(matrix)
    n = len(matrix[0])
    height = [0] * (n + 1)
    max_area = 0

    for i in range(m):
        s = []
        for j in range(n + 1):
            if j < n:
                height[j] = height[j] + 1 if matrix[i][j] == '1' else 0
            while s and height[j] < height[s[-1]]:
                h = height[s.pop()]
                w = j if not s else j - s[-1] - 1
                max_area = max(max_area, h * w)
            s.append(j)

    return max_area
```


"
"Optimize the following Python code for both memory usage and performance. Please use specific techniques or code changes to make it more efficient. Provide just the code as an answer, I don't need any explanation. Here's the code snippet: ```python
class ListNode:
    def __init__(self, x):
        self.val = x
        self.next = None

def partition(head, x):
    less_head = ListNode(0)
    more_head = ListNode(0)
    less_ptr, more_ptr = less_head, more_head
    
    while head:
        if head.val < x:
            less_ptr.next = head
            less_ptr = head
        else:
            more_ptr.next = head
            more_ptr = head
        head = head.next
    
    less_ptr.next = more_head.next
    more_ptr.next = None
    
    return less_head.next
```

"
"Optimize the following Python code for both memory usage and performance. Please use specific techniques or code changes to make it more efficient. Provide just the code as an answer, I don't need any explanation. Here's the code snippet: ```python
def isScramble(s1: str, s2: str) -> bool:
    if s1 == s2:
        return True
    if len(s1) != len(s2) or sorted(s1) != sorted(s2):
        return False

    for i in range(1, len(s1)):
        if (isScramble(s1[:i], s2[:i]) and isScramble(s1[i:], s2[i:])) or \
           (isScramble(s1[:i], s2[-i:]) and isScramble(s1[i:], s2[:-i])):
            return True
    return False
```

"
"Optimize the following Python code for both memory usage and performance. Please use specific techniques or code changes to make it more efficient. Provide just the code as an answer, I don't need any explanation. Here's the code snippet: ```python
def merge(nums1, m, nums2, n):
    i, j, k = m - 1, n - 1, m + n - 1
    while i >= 0 and j >= 0:
        if nums1[i] > nums2[j]:
            nums1[k] = nums1[i]
            i -= 1
        else:
            nums1[k] = nums2[j]
            j -= 1
        k -= 1
    while j >= 0:
        nums1[k] = nums2[j]
        k -= 1
        j -= 1
```

"
"Optimize the following Python code for both memory usage and performance. Please use specific techniques or code changes to make it more efficient. Provide just the code as an answer, I don't need any explanation. Here's the code snippet: ```python
def grayCode(n):
    result = []
    for i in range(1 << n):
        result.append(i ^ (i >> 1))
    return result
```

"
"Optimize the following Python code for both memory usage and performance. Please use specific techniques or code changes to make it more efficient. Provide just the code as an answer, I don't need any explanation. Here's the code snippet: ```python
from itertools import combinations

def subsetsWithDup(nums):
    result = set()
    nums.sort()
    for i in range(len(nums) + 1):
        for combo in combinations(nums, i):
            result.add(combo)
    return list(result)
```

"
"Optimize the following Python code for both memory usage and performance. Please use specific techniques or code changes to make it more efficient. Provide just the code as an answer, I don't need any explanation. Here's the code snippet: ```python
def numDecodings(s: str) -> int:
    n = len(s)
    dp = [0] * (n + 1)
    dp[0] = 1
    dp[1] = 1 if s[0] != '0' else 0

    for i in range(2, n + 1):
        one_digit = int(s[i - 1:i])
        two_digits = int(s[i - 2:i])

        if one_digit >= 1:
            dp[i] += dp[i - 1]
        if two_digits >= 10 and two_digits <= 26:
            dp[i] += dp[i - 2]
    return dp[n]
```


"
"Optimize the following Python code for both memory usage and performance. Please use specific techniques or code changes to make it more efficient. Provide just the code as an answer, I don't need any explanation. Here's the code snippet: ```python
def reverseBetween(self, head: Optional[ListNode], left: int, right: int) -> Optional[ListNode]:
    if not head or left == right:
        return head
    dummy = ListNode(0)
    dummy.next = head
    pre = dummy
    for _ in range(left - 1):
        pre = pre.next
    cur = pre.next
    for _ in range(left, right):
        t = cur.next
        cur.next = t.next
        t.next = pre.next
        pre.next = t
    return dummy.next
```

"
"Optimize the following Python code for both memory usage and performance. Please use specific techniques or code changes to make it more efficient. Provide just the code as an answer, I don't need any explanation. Here's the code snippet: ```python
def restore_ip_addresses(s):
    def dfs(s, start, ip, result, part):
        if part == 4 and start == len(s):
            result.append(ip[:-1])
            return
        if part == 4 or start >= len(s):
            return

        num = 0
        for i in range(start, len(s)):
            num = num * 10 + int(s[i])
            if num > 255:
                break
            dfs(s, i + 1, ip + s[i] + ""."", result, part + 1)
            if num == 0:
                break

    result = []
    dfs(s, 0, """", result, 0)
    return result
```


"
"Optimize the following Python code for both memory usage and performance. Please use specific techniques or code changes to make it more efficient. Provide just the code as an answer, I don't need any explanation. Here's the code snippet: ```python
class TreeNode:
    def __init__(self, val=0, left=None, right=None):
        self.val = val
        self.left = left
        self.right = right

def inorderTraversalHelper(root, result):
    if not root:
        return
    inorderTraversalHelper(root.left, result)
    result.append(root.val)
    inorderTraversalHelper(root.right, result)

def inorderTraversal(root):
    result = []
    inorderTraversalHelper(root, result)
    return result
```

"
"Optimize the following Python code for both memory usage and performance. Please use specific techniques or code changes to make it more efficient. Provide just the code as an answer, I don't need any explanation. Here's the code snippet: ```python
class TreeNode:
    def __init__(self, val=0, left=None, right=None):
        self.val = val
        self.left = left
        self.right = right

def generate_trees(start, end):
    trees = []
    if start > end:
        trees.append(None)
        return trees

    for i in range(start, end + 1):
        left_subtrees = generate_trees(start, i - 1)
        right_subtrees = generate_trees(i + 1, end)

        for left in left_subtrees:
            for right in right_subtrees:
                new_node = TreeNode(i)
                new_node.left = left
                new_node.right = right
                trees.append(new_node)

    return trees

def generate_trees(n):
    if n == 0:
        return []
    return generate_trees(1, n)
```


"
"Optimize the following Python code for both memory usage and performance. Please use specific techniques or code changes to make it more efficient. Provide just the code as an answer, I don't need any explanation. Here's the code snippet: ```python
def numTrees(n):
    dp = [0] * (n + 1)
    dp[0] = 1
    dp[1] = 1
    for i in range(2, n + 1):
        for j in range(i):
            dp[i] += dp[j] * dp[i - j - 1]
    return dp[n]
```

"
"Optimize the following Python code for both memory usage and performance. Please use specific techniques or code changes to make it more efficient. Provide just the code as an answer, I don't need any explanation. Here's the code snippet: ```python
def isInterleave(s1, s2, s3):
    m, n = len(s1), len(s2)
    if m + n != len(s3):
        return False

    dp = [[False] * (n + 1) for _ in range(m + 1)]
    dp[0][0] = True
    for i in range(1, m + 1):
        dp[i][0] = dp[i - 1][0] and s1[i - 1] == s3[i - 1]
    for j in range(1, n + 1):
        dp[0][j] = dp[0][j - 1] and s2[j - 1] == s3[j - 1]

    for i in range(1, m + 1):
        for j in range(1, n + 1):
            dp[i][j] = (dp[i - 1][j] and s1[i - 1] == s3[i + j - 1]) or \
                       (dp[i][j - 1] and s2[j - 1] == s3[i + j - 1])

    return dp[m][n]
```

"
"Optimize the following Python code for both memory usage and performance. Please use specific techniques or code changes to make it more efficient. Provide just the code as an answer, I don't need any explanation. Here's the code snippet: ```python
class TreeNode:
    def __init__(self, val=0, left=None, right=None):
        self.val = val
        self.left = left
        self.right = right

def isValidBSTHelper(node, min_val, max_val):
    if node is None:
        return True
    if not min_val < node.val < max_val:
        return False
    return (isValidBSTHelper(node.left, min_val, node.val) and
            isValidBSTHelper(node.right, node.val, max_val))

def isValidBST(root):
    return isValidBSTHelper(root, float('-inf'), float('inf'))
```

"
"Optimize the following Python code for both memory usage and performance. Please use specific techniques or code changes to make it more efficient. Provide just the code as an answer, I don't need any explanation. Here's the code snippet: ```python
def inorder(node, nodes):
    if not node: return
    inorder(node.left, nodes)
    if nodes[1] and nodes[1].val > node.val:
        if not nodes[0]: nodes[0] = nodes[1]
        nodes[2] = node
    nodes[1] = node
    inorder(node.right, nodes)

def recoverTree(root):
    nodes = [None, None, None]
    inorder(root, nodes)
    nodes[0].val, nodes[2].val = nodes[2].val, nodes[0].val
```

"
